,RMSE,MAE,R2
Linear Regression,2.6859138069279427e-14,2.3314683517128287e-14,1.0
Random Forest,4.056147869567468,3.0598690476190464,0.30314396125281984
Stacking Ensemble,4.288047645212918,3.3231508253393938,0.22118427075616987
MLP Neural Network,7.066901689062457,5.941406233742569,-1.1153079860383346
